{"cameraMode":{"drawMode":0,"name":"Shaded","section":"Shading Mode"},"sceneLighting":true,"audioPlay":false,"sceneViewState":{"showFog":true,"showMaterialUpdate":false,"showSkybox":true,"showFlares":true,"showImageEffects":true,"showParticleSystems":true,"showVisualEffectGraphs":true,"m_FxEnabled":true},"in2DMode":false,"pivot":{"x":246.15745544433595,"y":17.060792922973634,"z":47.87678909301758},"rotation":{"x":0.17454266548156739,"y":0.6689774990081787,"z":-0.16605563461780549,"w":0.7031488418579102},"size":1.2247449159622193,"orthographic":false}